_id,name,imp_dispersion_CO/M,sup_calcination_temp,sup_calcination_time,sup_Ce,sup_Pr,sup_crystallite_size_nm,Sbet,ageing_temp,ageing_time,doi,has_impregnated_metal,fingerprint,imp_calcination_temp,imp_calcination_time,imp_Pt_wt%,sup_Co,sup_Zr,sup_Ba,sup_Fe,crystal,alkaline_earth_promotor,promotor_wt%,sup_Ni,sup_Mn,sup_Cu,sup_La,sup_Al,sup_Ti,sup_M_to_O_ratio,sup_K,sup_Mg
6a7d9f997bffe6ebe23a3f1c,Ce50Pr50-NP,,550.0,4.0,0.5,0.5,,16.0,,,10.1016/j.apcatb.2017.12.048,False,b09f79e5d184691077f5aa3917e5394edb39fa96edcabc62f3ce4f8871891eb0,,,,,,,,,,,,,,,,,,,
6a7d9f997bffe6ebe23a3f1d,Ce-NP,,550.0,4.0,1.0,,,8.0,,,10.1016/j.apcatb.2017.12.048,False,c23a229aaf54448f4c48fc116aced5e44c91ad87cec25b8387be6295f222594a,,,,,,,,,,,,,,,,,,,
6a7d9f997bffe6ebe23a3f1e,Co50Ce50,,500.0,3.0,0.5,,5.73,52.0,,,10.1016/j.apcata.2017.02.005,False,2397be5fe5e3a8f7e578df0877985139f90ecb66cf71c4812539d96676063707,,,,0.5,,,,,,,,,,,,,,,
6a7d9f9a7bffe6ebe23a3f1f,Co25Ce75,,500.0,3.0,0.75,,5.23,64.0,,,10.1016/j.apcata.2017.02.005,False,913695e0b8ee8a35e609ea76364957139fc4ac64ed03345d6636d2ccb777b0e5,,,,0.25,,,,,,,,,,,,,,,
6a7d9f9a7bffe6ebe23a3f20,Co75Ce25,,500.0,3.0,0.25,,3.37,65.0,,,10.1016/j.apcata.2017.02.005,False,432bca7c67f02411e0e3cff723bd49a25ed05cd7c25f77d44d72b778d989ae22,,,,0.75,,,,,,,,,,,,,,,
6a7d9f9a7bffe6ebe23a3f21,Co3O4,,500.0,3.0,,,30.6,5.2,,,10.1016/j.apcata.2017.02.005,False,ba63ff5654dbfd56c180b1366addc64c329937e2b8f1a1b7715ce8f016bf0619,,,,1.0,,,,,,,,,,,,,,,
6a7d9f9a7bffe6ebe23a3f22,CeO2,,500.0,3.0,1.0,,14.0,64.0,,,10.1016/j.apcatb.2009.07.015,False,fe33f271f04f060d2c26ae52c14492516d33513e2a936026b24c006c1bb9161a,,,,,,,,,,,,,,,,,,,
6a7d9f9a7bffe6ebe23a3f23,Ce0.76Zr0.24O2,,500.0,3.0,0.76,,11.0,64.0,,,10.1016/j.apcatb.2009.07.015,False,4dcebfee59e4d4f2c4ce5eb0797b1e3f8b439456968c59c6e3b7a57141f87816,,,,,0.24,,,,,,,,,,,,,,
6a7d9f9a7bffe6ebe23a3f24,Ce0.56Zr0.44O2,,500.0,3.0,0.56,,,31.0,,,10.1016/j.apcatb.2009.07.015,False,b1c07b10199cacf62d0a67b695e84352439456bb42a7fea8ea1ea8cbc10a8e2c,,,,,0.44,,,,,,,,,,,,,,
6a7d9f9a7bffe6ebe23a3f25,Ce0.36Zr0.64O2,,500.0,3.0,0.36,,,8.0,,,10.1016/j.apcatb.2009.07.015,False,62e0edc8b55effebd08ee56c41581fce5b631ebded1e674c23e36eb2bc5116ac,,,,,0.64,,,,,,,,,,,,,,
6a7d9f9a7bffe6ebe23a3f26,Ce0.16Zr0.84O2,,500.0,3.0,0.16,,,47.0,,,10.1016/j.apcatb.2009.07.015,False,013045ba2d4d89cf4d7acdb3c57d6d79ecc9665207a1a2b9294bb3bd0c6400c2,,,,,0.84,,,,,,,,,,,,,,
6a7d9f9b7bffe6ebe23a3f27,ZrO2,,500.0,3.0,,,,65.0,,,10.1016/j.apcatb.2009.07.015,False,6e8a303cfb0ae5925eb508544e98e5af92b5ee23a403d92ba731f694dc34cdbb,,,,,1.0,,,,,,,,,,,,,,
6a7d9f9b7bffe6ebe23a3f28,BFE,,850.0,6.0,,,,3.0,,,10.1007/s11244-022-01769-1,False,7df3dbe1e13d2550b7be7d68af58cf8cb377359a073447edc93460d3789b27b9,,,,,,0.5,0.5,perovskite,,,,,,,,,,,
6a7d9f9b7bffe6ebe23a3f29,BFN2E,,850.0,6.0,,,,5.0,,,10.1007/s11244-022-01769-1,False,952f7dc2aa777f9ed3a38e36436d9a97fcfc00048b2cb9a489d1b3a7f8059dff,,,,,,0.5,0.4,perovskite,,,0.1,,,,,,,,
6a7d9f9b7bffe6ebe23a3f2a,BFN4E,,850.0,6.0,,,,6.0,,,10.1007/s11244-022-01769-1,False,64eda9e81ff2b16c3340de91fd2a306445816dfd9bdc09ea5699861c4d1cfdca,,,,,,0.5,0.3,perovskite,,,0.2,,,,,,,,
6a7d9f9b7bffe6ebe23a3f2b,BFN8E,,850.0,6.0,,,,4.0,,,10.1007/s11244-022-01769-1,False,37fd51d952086c088cda14f9946ffeaf60dc1e2c04dd18edabaaecddf0a0e4f9,,,,,,0.5,0.1,perovskite,,,0.4,,,,,,,,
6a7d9f9b7bffe6ebe23a3f2c,BME,,850.0,6.0,,,,7.0,,,10.3390/catal13111453,False,6d33fa28535fde6301d38e8ae947aef1cd14ced907611536905670898343424d,,,,,,0.5,,perovskite,,,,0.5,,,,,,,
6a7d9f9b7bffe6ebe23a3f2d,BMN2E,,850.0,6.0,,,,5.0,,,10.3390/catal13111453,False,1730ec9d1b042a6985523dc38be1bea6fec71644c98e9724536dcd4c76173cae,,,,,,0.5,,perovskite,,,0.1,0.4,,,,,,,
6a7d9f9c7bffe6ebe23a3f2e,BMN4E,,850.0,6.0,,,,6.0,,,10.3390/catal13111453,False,71b3fc864d8c64c822b2c8602b79c3ff987f80f3df8a76dfb64e94290d75dea4,,,,,,0.5,,perovskite,,,0.2,0.3,,,,,,,
6a7d9f9c7bffe6ebe23a3f2f,BMC3-C600,,600.0,6.0,,,,23.0,,,10.1016/j.fuel.2022.125258,False,ae5bcfc09c2ef4a501433a84ae79e1fb969fa066ac41f52870dfc40485a09c81,,,,,,1.0,,perovskite,,,,0.35,0.15,,,,,,
6a7d9f9c7bffe6ebe23a3f30,BMC3-C700,,700.0,6.0,,,,25.0,,,10.1016/j.fuel.2022.125258,False,4f55b06d1dc0c72954f6f724a99ccadf6b356803cf9f4b9a26e73237e6ac2877,,,,,,1.0,,perovskite,,,,0.35,0.15,,,,,,
6a7d9f9c7bffe6ebe23a3f31,BMC3-C750,,750.0,6.0,,,,9.0,,,10.1016/j.fuel.2022.125258,False,767391ddd985e6875b4dabbfeaa73257b1a255d31e7e10b439314b910758e2ad,,,,,,1.0,,perovskite,,,,0.35,0.15,,,,,,
6a7d9f9c7bffe6ebe23a3f33,PMO-1,,700.0,4.0,,0.5,,44.0,,,10.1016/j.seppur.2024.129227,False,cd8104a0bcca96b8e7302cf0519d81d776cfba87ef193201a472fc444961a7b7,,,,,,,,perovskite,,,,0.5,,,,,,,
6a7d9f9c7bffe6ebe23a3f34,PMO-0.8,,700.0,4.0,,0.5,,20.0,,,10.1016/j.seppur.2024.129227,False,65c6ccc59f80985e08d6bbc6ace996cdfb6da269c2d81457a7ff780a56e14bc8,,,,,,,,perovskite,,,,0.5,,,,,,,
6a7d9f9c7bffe6ebe23a3f35,PMO-0.3,,700.0,4.0,,0.5,,23.0,,,10.1016/j.seppur.2024.129227,False,2b5c5c4428ae93c6ddf175c99ef9c2d8edf6e48a18a5102ba853ea842605d04e,,,,,,,,perovskite,,,,0.5,,,,,,,
6a7d9f9d7bffe6ebe23a3f39,CeO2-CP,,600.0,4.0,1.0,,,22.7,,,10.1016/j.mcat.2025.114821,False,a134b6abbd984baed58124e2b007b0cf51c703e32ec6c84760e68270a807c6e4,,,,,,,,,,,,,,,,,,,
6a7d9f9d7bffe6ebe23a3f3a,Co0.2Ce0.8O2-CP,,600.0,4.0,0.8,,,36.3,,,10.1016/j.mcat.2025.114821,False,aec2690b1e742bc69d4e5941d4a11b38521d82d502b106c36209a66807dde248,,,,0.2,,,,,,,,,,,,,,,
6a7d9f9d7bffe6ebe23a3f3b,Ce0.6Zr0.4O2,,700.0,3.0,0.6,,,10.0,,,10.1016/S1872-2067(14)60004-8,False,eea278087f5402f05c3fbfa34710dd6cabf61af243b702b9fce675c875c6d9df,,,,,0.4,,,,,,,,,,,,,,
6a7d9f9d7bffe6ebe23a3f3c,Ce80Co20,,550.0,6.0,0.8,,,67.7,,,10.1007/s10853-019-03973-z,False,74516e6e1cc8897c28acee5db597f05c3887c368b9dda6917dec3b142c45954c,,,,0.2,,,,fluorite,,,,,,,,,,,
6a7d9f9e7bffe6ebe23a3f3d,Ce80Co15Fe5,,550.0,6.0,0.8,,,85.6,,,10.1007/s10853-019-03973-z,False,53cb15035c21071b7315455b274e8776043985a2eeec8ccc59ec61c54af15b7b,,,,0.15,,,0.05,fluorite,,,,,,,,,,,
6a7d9f9e7bffe6ebe23a3f3e,Ce80Co10Fe10,,550.0,6.0,0.8,,,92.0,,,10.1007/s10853-019-03973-z,False,6374774ba67a93515100537f2de6f508b1e293a14fe518c7b180d87c371d5607,,,,0.1,,,0.1,fluorite,,,,,,,,,,,
6a7d9f9e7bffe6ebe23a3f3f,Ce80Co5Fe15,,550.0,6.0,0.8,,,115.3,,,10.1007/s10853-019-03973-z,False,61256cdc4e4ec12f331a95d1a93d370f889911278046816b1228d9802765dd0c,,,,0.05,,,0.15,fluorite,,,,,,,,,,,
6a7d9f9e7bffe6ebe23a3f40,Ce80Fe20,,550.0,6.0,0.8,,,116.3,,,10.1007/s10853-019-03973-z,False,5fd83296fec5bb3bec08f00475477d61deb3128ad531c9282ddc661066535e76,,,,,,,0.2,fluorite,,,,,,,,,,,
6a7d9f9e7bffe6ebe23a3f41,CeO2,,650.0,4.0,1.0,,,7.0,,,10.1016/j.cattod.2021.11.040,False,a45bc681b70e8777ac45ed1f6de2ae436e58fa70236975b1bf1bb8cee99030e2,,,,,,,,fluorite,,,,,,,,,,,
6a7d9f9e7bffe6ebe23a3f42,Ce90La10,,650.0,4.0,0.9,,,9.0,,,10.1016/j.cattod.2021.11.040,False,9e10a040d3cc1f5a402e08cec5f40ee707cd03e2b7a55d7139b1563f605ad9ce,,,,,,,,fluorite,,,,,,0.1,,,,,
6a7d9f9e7bffe6ebe23a3f43,Ce75La25,,650.0,4.0,0.75,,,14.0,,,10.1016/j.cattod.2021.11.040,False,5da54bbae07e38fdee2e8bd74d5a33224ece96802d9720c5bbe519faf095a624,,,,,,,,fluorite,,,,,,0.25,,,,,
6a7d9f9f7bffe6ebe23a3f44,Ce50La50,,650.0,4.0,0.5,,,18.0,,,10.1016/j.cattod.2021.11.040,False,a16739cb9a6123135584350bcb588c158c1d2381d33f2281c6d3c13b669ce63b,,,,,,,,fluorite,,,,,,0.5,,,,,
6a7d9f9f7bffe6ebe23a3f48,Ce0.73Zr0.27,,800.0,1.5,0.73,,,35.0,,,10.1016/j.apcata.2013.04.035,False,18734741134455c67230a20fc245ee667e60e1c8531ff50faaafe27bd129ee78,,,,,0.27,,,fluorite,,,,,,,,,,,
6a7d9f9f7bffe6ebe23a3f4b,CoAl2O4,,550.0,3.0,,,,181.0,,,10.1016/j.catcom.2011.04.021,False,bb27dc80883c2ec93a7e32cf21432fa82d695e46adcd55fb272147c655cdb3a2,,,,1.0,,,,spinel,,,,,,,2.0,,,,
6a7d9fa07bffe6ebe23a3f4d,Al2O3,,550.0,3.0,,,,245.0,,,10.1016/j.catcom.2011.04.021,False,49eb45341e913ccef16900d996c0b8c1424dcb3ff477fab3986006c63c48f321,,,,,,,,,,,,,,,1.0,,,,
6a7d9fa07bffe6ebe23a3f4e,Ce0.8Zr0.2O2,,500.0,1.0,0.8,,7.0,57.0,,,10.1007/s11144-013-0644-4,False,e5d9781ae633932254fc2e58f54687d549381b59c3c15d9e2bbf71f97b067361,,,,,0.2,,,fluorite,,,,,,,,,,,
6a7d9fa07bffe6ebe23a3f4f,PrO2-x,,500.0,1.0,,1.0,12.0,32.0,,,10.1007/s11144-013-0644-4,False,c9a4154e1273d607010e4d691bc0270e5d4226ef018667c5412c1340b7b685d4,,,,,,,,,,,,,,,,,,,
6a7d9fa07bffe6ebe23a3f50,CeO2,,500.0,4.0,1.0,,14.1,37.519,,,10.1016/j.jre.2021.11.002,False,152395ef610376f59795b978376f32b223f1e4fcbf5047198b7e15c08d86bb89,,,,,,,,fluorite,,,,,,,,,,,
6a7d9fa07bffe6ebe23a3f51,C9T1,,500.0,4.0,0.9,,13.4,45.365,,,10.1016/j.jre.2021.11.002,False,efa967332e43f68e8eda4fdb62205fc6609da6aab925dc2be20f4c8243626e65,,,,,,,,fluorite,,,,,,,,0.1,,,
6a7d9fa07bffe6ebe23a3f52,C8T2,,500.0,4.0,0.8,,12.1,41.015,,,10.1016/j.jre.2021.11.002,False,4e534e0b705534d24db8a3cadec53c3d5f8ce6bfbe9e3229c052e4b6067363c7,,,,,,,,fluorite,,,,,,,,0.2,,,
6a7d9fa17bffe6ebe23a3f53,C7T3,,500.0,4.0,0.7,,11.3,36.824,,,10.1016/j.jre.2021.11.002,False,fae1266fa7f175cae72e768626ee72b1221dc9c21d756ea342c527e2c3bd5205,,,,,,,,fluorite,,,,,,,,0.3,,,
6a7d9fa17bffe6ebe23a3f54,C6T4,,500.0,4.0,0.6,,10.5,41.991,,,10.1016/j.jre.2021.11.002,False,b255514fc06d94f1f97e4ddc2fd788d9b81b9bc9a37fa3883f8e08f6d4cd6162,,,,,,,,,,,,,,,,0.4,,,
6a7d9fa17bffe6ebe23a3f55,C5T5,,500.0,4.0,0.5,,8.2,52.352,,,10.1016/j.jre.2021.11.002,False,b3988948622470d8c1a8ccfeb42243af3d5ac3ff6a96c5712bd7cb3685342a6e,,,,,,,,,,,,,,,,0.5,,,
6a7d9fa17bffe6ebe23a3f56,MnCe,,550.0,6.0,0.9,,8.8,121.0,,,10.1016/j.jcis.2017.07.114,False,4a95cf4465efb3f24dbae9d6c69b207e9781cfe65c7493dbc05d2a347eba1b13,,,,,,,,fluorite,,,,0.1,,,,,,,
6a7d9fa17bffe6ebe23a3f57,FeCe,,550.0,6.0,0.9,,7.5,100.0,,,10.1016/j.jcis.2017.07.114,False,3b2101ce2ff37e9776b9294ed9366fe95e381f4e21f01cf5c7faccdd78c89c7a,,,,,,,0.1,fluorite,,,,,,,,,,,
6a7d9fa17bffe6ebe23a3f58,CoCe,,550.0,6.0,0.9,,8.0,68.0,,,10.1016/j.jcis.2017.07.114,False,d7d5024f593b3298123934495cb318f84535c0929cb30cf20d635d868ee2cc03,,,,0.1,,,,fluorite,,,,,,,,,,,
6a7d9fa17bffe6ebe23a3f59,CuCe,,550.0,6.0,0.9,,7.2,121.0,,,10.1016/j.jcis.2017.07.114,False,69e3f4af7309f1f44c2bdfc95eb2c71c827fce00a11b91d5a30ed0da94236f1f,,,,,,,,fluorite,,,,,0.1,,,,,,
6a7d9fa27bffe6ebe23a3f5b,Pr6O11-500,,500.0,3.0,,1.0,6.3,39.0,,,10.1016/j.jece.2022.109152,False,8ca08ea3cd391153134839438e2ac041889bc67e9ab49f8b7e28126b198649cb,,,,,,,,,,,,,,,,,1.8333333333,,
6a7d9fa27bffe6ebe23a3f5c,Pr6O11-600,,600.0,3.0,,1.0,10.0,44.0,,,10.1016/j.jece.2022.109152,False,5d5bff3995bc303f3d9e96be0509c158c87ad1cfa5d209b1f18a065b0ba06712,,,,,,,,,,,,,,,,,1.8333333333,,
6a7d9fa27bffe6ebe23a3f5d,Pr6O11-700,,700.0,3.0,,1.0,20.2,21.0,,,10.1016/j.jece.2022.109152,False,72a77118af2acf00df9019285031b054184350e14820b1fbacbfd1c4a3241425,,,,,,,,,,,,,,,,,1.8333333333,,
6a7d9fa27bffe6ebe23a3f5e,Mn-Ce,,500.0,3.0,0.85,,,62.0,,,10.1016/S1001-0742(10)60533-5,False,f010b35e72d80b8947d6946947566405169a146b548a2860bd8e3951a63e4232,,,,,,,,fluorite,,,,0.15,,,,,,,
6a7d9fa27bffe6ebe23a3f5f,CeO2,,600.0,2.0,1.0,,15.2,32.6,,,10.1016/j.cej.2012.12.010,False,579e85c55e3cc3596c174f03e5a712b458435fa7b9affc4e236a231cdb53bec6,,,,,,,,fluorite,,,,,,,,,,,
6a7d9fa27bffe6ebe23a3f60,4Fe6Ce,,600.0,2.0,0.6,,7.97,24.9,,,10.1016/j.cej.2012.12.010,False,b0343980ebe159982b9d147a8d81e07a707031e7256cf203f9dc7db537113840,,,,,,,0.4,fluorite,,,,,,,,,,,
6a7d9fa27bffe6ebe23a3f61,1Fe9Ce,,600.0,2.0,0.9,,7.43,58.3,,,10.1016/j.cej.2012.12.010,False,7e6ed039934482727178b4c164c08908f31fdc3c3756a40a236f25b88db14e3d,,,,,,,0.1,fluorite,,,,,,,,,,,
6a7d9fa37bffe6ebe23a3f62,1Fe9Ce-800,,800.0,2.0,0.9,,26.6,11.5,,,10.1016/j.cej.2012.12.010,False,56f8820b5bd247f487a13b950177844170a98878047e0a51dde2677528b560a4,,,,,,,0.1,fluorite,,,,,,,,,,,
6a7d9fa37bffe6ebe23a3f63,BTOsg,,850.0,6.0,,,,9.0,,,10.1016/j.apcata.2016.03.022,False,cce7efebdf450a2c9f29551b92388d7068d884b8d6d465d812dac09fd18a47c7,,,,,,1.0,,perovskite,,,,,,,,1.0,,,
6a7d9fa37bffe6ebe23a3f64,Cu-BTOsg,,850.0,6.0,,,,11.0,,,10.1016/j.apcata.2016.03.022,False,57cb1370cbffb7bd60befae13de08eb18cddc67ba5b0b4d3cade340989a13bb9,,,,,,1.0,,perovskite,,,,,0.2,,,0.8,,,
6a7d9fa37bffe6ebe23a3f65,LaAlO3,,500.0,5.0,,,,14.4,,,10.1016/j.apcata.2019.117304,False,a2cdec199a385b0f2d80a5bfa8987c1232eb0b35c2816050e9f91e2b5931ab0f,,,,,,,,perovskite,,,,,,0.5,0.5,,,,
6a7d9fa37bffe6ebe23a3f66,LaAl0.75Co0.25O3,,500.0,5.0,,,,14.4,,,10.1016/j.apcata.2019.117304,False,1130d374b746e6304fc75cbacb135825bbabc9d5a8e4a1c983e82d941b5b96ad,,,,0.25,,,,perovskite,,,,,,1.0,0.75,,,,
6a7d9fa37bffe6ebe23a3f67,LaAl0.5Co0.5O3,,500.0,5.0,,,,11.6,,,10.1016/j.apcata.2019.117304,False,49f9eaf8bf4515d99463ae28b8693699ec77409af0570d3877f9f4371a5f31c7,,,,0.5,,,,perovskite,,,,,,1.0,0.5,,,,
6a7d9fa37bffe6ebe23a3f68,LaAl0.25Co0.75O3,,500.0,5.0,,,,13.1,,,10.1016/j.apcata.2019.117304,False,0b3791d15061d0dd74c0a5b76b05c0bba50ada5a44a46e68eed6a54e0a954c0a,,,,0.75,,,,perovskite,,,,,,1.0,0.25,,,,
6a7d9fa47bffe6ebe23a3f69,LaCoO3,,500.0,5.0,,,,12.3,,,10.1016/j.apcata.2019.117304,False,89aa89267ca629ce707ff9143601c89e80bbf2189fb4e4939250685ed1645f94,,,,1.0,,,,perovskite,,,,,,1.0,,,,,
6a7d9fa47bffe6ebe23a3f6a,La-conv,,500.0,2.0,,,,4.0,,,10.1002/cctc.202001187,False,137f019484a99f5bc876af733d43f3b953a73e0c026a3d8bebb0405655059de6,,,,,,,,perovskite,,,,,,1.0,,,,,
6a7d9fa47bffe6ebe23a3f6b,FeCe,,450.0,5.0,0.9,,11.3,55.6,,,10.1021/acs.iecr.8b01005,False,4d035ba523bb81b6c7ff4f25b870b9119d1e2964cd2a6ba5435ef093644c6128,,,,,,,0.1,fluorite,,,,,,,,,,,
6a7d9fa47bffe6ebe23a3f6c,Ba(5%)FeCe,,450.0,5.0,0.855,,11.2,47.2,,,10.1021/acs.iecr.8b01005,False,858fbd09f25f70fe2bd0079c1d06c67313e6e66d1924a41a4f215463bdedfaca,,,,,,0.05,0.095,fluorite,,,,,,,,,,,
6a7d9fa47bffe6ebe23a3f6d,Ba(10%)FeCe,,450.0,5.0,0.81,,11.4,33.2,,,10.1021/acs.iecr.8b01005,False,d50209ea24c639a3cdf43cbecf967dbff20baf4c1353236d283ad4bd56690258,,,,,,0.1,0.09,fluorite,,,,,,,,,,,
6a7d9fa47bffe6ebe23a3f6e,Ba(20%)FeCe,,450.0,5.0,0.72,,11.4,19.4,,,10.1021/acs.iecr.8b01005,False,92f5ad120efb531261895b5dfa1e57d898aa144afcc5551558becdeae0f54ad5,,,,,,0.2,0.08,fluorite,,,,,,,,,,,
6a7d9fa47bffe6ebe23a3f6f,Ba(10%)Ce,,450.0,5.0,0.9,,13.2,11.6,,,10.1021/acs.iecr.8b01005,False,670f8bc47b33d2fd1af92c4d59c09dfaafbe798729d8ee05d9a000642c8e9675,,,,,,0.1,,fluorite,,,,,,,,,,,
6a7d9fa47bffe6ebe23a3f70,LNO-K,,600.0,4.0,,,,19.0502,,,10.1016/j.joei.2024.101560,False,575375048974f84de11659a6e07b64a558c8c3702523173d39e46d571200d0a0,,,,,,,,perovskite,,,1.0,,,0.9,,,,0.1,
6a7d9fa57bffe6ebe23a3f71,LNO-P,,600.0,4.0,,0.1,,21.2439,,,10.1016/j.joei.2024.101560,False,d2548028c899cfccfefcdb77284b7d02455ef528b9fe7664d1a54129e16862ab,,,,,,,,perovskite,,,1.0,,,0.9,,,,,
6a7d9fa57bffe6ebe23a3f72,LNO-PK,,600.0,4.0,,0.05,,16.7395,,,10.1016/j.joei.2024.101560,False,2eaf2b7bbe9f36eb2cb097b7f16ea34e3480bb1bbcacbcb4a663b8722b59e87f,,,,,,,,perovskite,,,1.0,,,0.9,,,,0.05,
6a7d9fa57bffe6ebe23a3f73,LNO,,600.0,4.0,,,,19.218,,,10.1016/j.joei.2024.101560,False,2d6a3fb3be8274994b1088c40e6d319af3908563d9f4ee0fc5f1fc16b8a6fb53,,,,,,,,perovskite,,,1.0,,,1.0,,,,,
6a7d9fa57bffe6ebe23a3f74,CeCoO3,,700.0,3.0,0.5,,,14.77,,,10.1016/j.jece.2023.110850,False,d40cdc350d1f75bdcd102f820d03e2072b6f1becc5bee72722f0c6217c6026d1,,,,0.5,,,,perovskite,,,,,,,,,,,
6a7d9fa57bffe6ebe23a3f75,Ce0.9K0.1CoO3,,700.0,3.0,0.9,,,26.94,,,10.1016/j.jece.2023.110850,False,ff1534f671b852431226a2cf29df6efdbf12a2d945ff500c7809c261fbf0e016,,,,1.0,,,,perovskite,,,,,,,,,,0.1,
6a7d9fa57bffe6ebe23a3f76,Ce0.8K0.2CoO3,,700.0,3.0,0.8,,,25.25,,,10.1016/j.jece.2023.110850,False,bcce80ed2150ecfff665a418680516a2885423d75bb85ed16b483fcaf591eb3e,,,,1.0,,,,perovskite,,,,,,,,,,0.2,
6a7d9fa57bffe6ebe23a3f77,Ce0.7K0.3CoO3,,700.0,3.0,0.7,,,23.97,,,10.1016/j.jece.2023.110850,False,ac236ad665bb41e80e384a02aa5afc6a1313397f30397fec3cc3e3ec91bb0b1c,,,,1.0,,,,perovskite,,,,,,,,,,0.3,
6a7d9fa67bffe6ebe23a3f78,Ce0.6K0.4CoO3,,700.0,3.0,0.6,,,20.26,,,10.1016/j.jece.2023.110850,False,0ba6f689d9ba9a6a502d75c267e2803bf1142a7b9d5f3a4aaa91be61e7074781,,,,1.0,,,,perovskite,,,,,,,,,,0.4,
6a7d9fa67bffe6ebe23a3f79,CM33,,500.0,2.0,0.67,,,75.3,,,10.1039/c6ra25738k,False,f8539bd97d16b0c542a4f8945108ecdbfb35121ff5360f9d7a33806597b73aea,,,,,,,,fluorite,,,,0.33,,,,,,,
6a7d9fa67bffe6ebe23a3f7a,LMN3,,700.0,3.0,,,9.6,21.2,,,10.1007/s10562-009-9917-y,False,f9ef57b2206fea28fc07e21010046607fd6b3221000297ed5ce0e9312ce7acf2,,,,,,,,perovskite=,,,0.3,0.7,,1.0,,,,,
6a7d9fa67bffe6ebe23a3f7b,LMN0,,700.0,3.0,,,14.9,6.6,,,10.1007/s10562-009-9917-y,False,f72cc8a936605ab2d77d9bc0d27cd3c020f117047bbd040a83c739bec675b354,,,,,,,,perovskite=,,,,1.0,,1.0,,,,,
6a7d9fa67bffe6ebe23a3f7c,La0.9K0.1Co0.9Fe0.1O3-δ,,700.0,4.0,,,,9.4,,,10.1016/j.cej.2010.08.036,False,37cc3d21d15338d1b7a27fea0a3bb8b4bcf9c3e94d4f9d61729ac2074d205c67,,,,0.9,,,0.1,perovskite,,,,,,0.9,,,,0.1,
6a7d9fa67bffe6ebe23a3f7d,MAO,,800.0,5.0,,,,161.0,,,10.1016/j.materresbull.2013.12.003,False,c1768fd85a13d28c4db0e2462d9993f2fcf8cb23a1845a47d2ddf400e9224db7,,,,,,,,,,,,,,,1.0,,,,3.0
6a7d9fa67bffe6ebe23a3f7e,MALO,,800.0,5.0,,,,115.0,,,10.1016/j.materresbull.2013.12.003,False,b9e93366b1ce898c8e03cdaf674b975aa8cc6e22c04ed8c28ce14feaf1c845c6,,,,,,,,,,,,,,0.1,0.9,,,,3.0
6a7d9fa67bffe6ebe23a3f7f,CMAO,,800.0,5.0,,,,44.0,,,10.1016/j.materresbull.2013.12.003,False,a84ef00fd92216b94a35c8d6236b176870a5e92222104df1b67c4c80ad9ab919,,,,,,,,,,,,,2.0,,1.0,,,,1.0
6a7d9fa77bffe6ebe23a3f80,CMALO,,800.0,5.0,,,,46.0,,,10.1016/j.materresbull.2013.12.003,False,b4c4d4feff148a90a53e8c0aca10d4c65da2fbb174bc0b41bc2bc53b825a7199,,,,,,,,,,,,,2.0,0.1,0.9,,,,1.0
6a7d9fa77bffe6ebe23a3f81,MgAl,,,,,,,186.2,,,10.1039/c5ra07414b,False,ea67132db7af7c2925b8ae58fab2705dec3c7aa586e8d2511c6746627ef2668e,,,,,,,,,,,,,,,0.25,,,,0.75
6a7d9fa77bffe6ebe23a3f82,CuMgAl,,,,,,,166.6,,,10.1039/c5ra07414b,False,6575368a0e560381cda3e4abbc7ba10a626f4a6e81d1d9f5c32c2114ca8d2579,,,,,,,,,,,,,0.05,,0.25,,,,0.7
6a7d9fa77bffe6ebe23a3f83,CoMgAl,,,,,,,185.4,,,10.1039/c5ra07414b,False,ecb4eaac9b44ced53a55751c2a7afe62055a3c5bbccf224c07116a351c04180f,,,,0.05,,,,,,,,,,,0.25,,,,0.7
6a7d9fa77bffe6ebe23a3f84,CuCoMgAl,,,,,,,179.1,,,10.1039/c5ra07414b,False,9f0af9e287855cadc4ddcb5aef48d3d8f9ca57f09b3dbf7f3309262648a459bc,,,,0.05,,,,,,,,,0.05,,0.25,,,,0.65
6a7d9fa77bffe6ebe23a3f85,MgTiO3,,850.0,6.0,,,,9.0,,,10.1016/j.apcatb.2009.09.015,False,86d4262f9e1155db5e728071b5f77bbd348a5c3ca1c6f7cc4618d616741c7187,,,,,,,,perovskite,,,,,,,,1.0,,,1.0
6a7d9fa77bffe6ebe23a3f86,MgTiCuO3,,850.0,6.0,,,,4.0,,,10.1016/j.apcatb.2009.09.015,False,efa87e7a50b35ff0c6646f0a89fa21f5dd1771d40cf00eb923cd70c73fa22f9f,,,,,,,,perovskite,,,,,0.1,,,0.9,,,1.0
6a7d9fa87bffe6ebe23a3f87,Co3O4,,600.0,3.0,,,,12.1,,,10.1016/j.apcatb.2017.02.074,False,5ea912f104f4f5f39e033f0d39b8242faf3ef6637f1f3cae7c133cff3247656f,,,,1.0,,,,,,,,,,,,,,,
6a7d9fa87bffe6ebe23a3f88,Co3O4,,600.0,3.0,,,,12.3,,,10.1039/c7cy01444a,False,c3b062789b80aafd6b3bcb60f47de8d1724a65793de66cfeebb197570fd0990a,,,,1.0,,,,,,,,,,,,,,,
6a7d9fa87bffe6ebe23a3f89,K0.05Co,,600.0,3.0,,,,13.4,,,10.1039/c7cy01444a,False,bd61448988abfefe4fe69dfb7a4f1361a88ecc550f67132fbe6365593d84ddfc,,,,1.0,,,,,,,,,,,,,,0.05,
6a7d9fa87bffe6ebe23a3f8a,K0.1Co,,600.0,3.0,,,,15.2,,,10.1039/c7cy01444a,False,c8f6f2487677c7716e397fa750db5d065d3a4d6be1597d75d3102912d85959be,,,,1.0,,,,,,,,,,,,,,0.1,
6a7d9fa87bffe6ebe23a3f8b,K0.2Co,,600.0,3.0,,,,12.7,,,10.1039/c7cy01444a,False,eeec274feffaa7b23ea69f761b18b3506c389f7b065f96a89b0bd21a486b0f9b,,,,1.0,,,,,,,,,,,,,,0.2,
6a7d9fa87bffe6ebe23a3f8c,CeO2,,500.0,3.0,1.0,,8.7,63.0,,,10.1016/j.apcatb.2010.02.006,False,de1186c2dcfb8c40d250890561967a25eafb284a786ad612a69b01d14b0c387a,,,,,,,,fluorite,,,,,,,,,,,
6a7d9fa87bffe6ebe23a3f8d,MnOx-CeO2,,500.0,3.0,0.85,,3.5,96.0,,,10.1016/j.apcatb.2010.02.006,False,4a8b20ad5073c5c839cdb501b240909814389b0ad5f03736c7578171ac94225e,,,,,,,,fluorite,,,,0.15,,,,,,,
6a7d9fa97bffe6ebe23a3f8e,MnOx,,500.0,3.0,,,33.2,22.0,,,10.1016/j.apcatb.2010.02.006,False,41110320188908a3957924b46052c7021de085c498ffef2ca00b2a461e328595,,,,,,,,fluorite,,,,1.0,,,,,,,
6a7d9fa97bffe6ebe23a3f8f,Cu-Ce-Zr,,500.0,3.0,0.5,,,51.4,,,10.1016/j.catcom.2007.06.007,False,12e0a66057d83de0659377aa0099b133d5591e999f11a53bc4e3a61b9a3b117f,,,,,0.4,,,,,,,,0.1,,,,,,
6a7d9fa97bffe6ebe23a3f90,Ce-Zr,,500.0,3.0,0.5,,,57.0,,,10.1016/j.catcom.2007.06.007,False,5112ffccc731c970fbb74c68ed83c86b9a0879ce20359033f39a06381e70b757,,,,,0.4,,,,,,,,,,,,,,
6a7d9fa97bffe6ebe23a3f91,Cu-Ce,,500.0,3.0,0.9,,,5.4,,,10.1016/j.catcom.2007.06.007,False,f53d4d52514ada3c7bcd7561a805649664776b7d0b7d67a1c4ee64a017762a7b,,,,,,,,,,,,,0.1,,,,,,
6a7d9fa97bffe6ebe23a3f92,La0.9K0.1Co0.95Ni0.05O3-δ,,,,,,,8.6,,,10.1016/j.cattod.2004.06.094,False,badef2737edfedcc1b297d4ccd89dc4951d43d4e002a5d216c33fa0733ecde53,,,,0.95,,,,perovskite,,,0.05,,,0.9,,,,0.1,
6a7d9fa97bffe6ebe23a3f93,La2CuO4,,900.0,4.0,,,59.6,6.3,,,10.1039/c8nj04233k,False,454cc2160e0552dddab4c47367e677972e2c3a4a5ace7c165be3d7d115b3f6df,,,,,,,,perovskite,,,,,1.0,2.0,,,,,
6a7d9fa97bffe6ebe23a3f94,La1.9Ba0.1CuO4,,900.0,4.0,,,73.7,3.2,,,10.1039/c8nj04233k,False,7adbf764f79bf0be7dc79291c3770d7603f05f017a05b433b4cabdcb0e0a7f2c,,,,,,0.1,,perovskite,,,,,1.0,1.9,,,,,
6a7d9fa97bffe6ebe23a3f95,La1.8Ba0.2CuO4,,900.0,4.0,,,76.7,2.5,,,10.1039/c8nj04233k,False,1d86a666d7aeac91c819e93a9c49bc1af35178debaefae0b0b95602df6be332b,,,,,,0.2,,perovskite,,,,,1.0,1.8,,,,,
6a7d9faa7bffe6ebe23a3f96,La1.7Ba0.3CuO4,,900.0,4.0,,,79.9,1.7,,,10.1039/c8nj04233k,False,27573d848ca0cb73c59093c98f65f1604ea4d3643b21d3f4ad33351718662347,,,,,,0.3,,perovskite,,,,,1.0,1.7,,,,,
6a7d9faa7bffe6ebe23a3f97,MACO,,800.0,5.0,0.1,,,163.0,,,10.1166/jnn.2014.8944,False,04f03ddd8e7d66d2d20ab902340c1a20acc52ca816d9486eeaf3557ae79faefe,,,,,,,,perovskite/spinel/amorphous/fluorite/null,,,,,,,0.9,,,,3.0
6a7d9faa7bffe6ebe23a3f98,CMACO,,800.0,5.0,0.1,,,50.0,,,10.1166/jnn.2014.8944,False,a8ffd1beab89a0fc3ce25fd486923c7be3f9d143a766531170f7a9bd2939b653,,,,,,,,perovskite/spinel/amorphous/fluorite/null,,,,,2.0,,0.9,,,,1.0
6a7d9faa7bffe6ebe23a3f99,TiO2-600,,600.0,2.0,,,,47.0,,,10.1016/j.jcat.2007.05.015,False,6d2722f9cf4ad591b49c476be143c2782f0074eef3f8aba24ea97c6211432c2f,,,,,,,,perovskite/spinel/amorphous/fluorite/null,,,,,,,,1.0,,,
6a7d9faa7bffe6ebe23a3f9a,TiO2-800,,800.0,2.0,,,,16.0,,,10.1016/j.jcat.2007.05.015,False,f339b2acb1becce7b42ce6f6527012a8676c1ee22d8933234e259c2c4af8416f,,,,,,,,,,,,,,,,1.0,,,
6a7d9faa7bffe6ebe23a3f9b,ZrO2-600,,600.0,2.0,,,,47.0,,,10.1016/j.jcat.2007.05.015,False,8e123b1c094e70564b82fd17d93bc90b30c2499d5e5e1d502d1d21b9a54601a5,,,,,1.0,,,,,,,,,,,,,,
6a7d9faa7bffe6ebe23a3f9c,ZrO2-800,,800.0,2.0,,,,20.0,,,10.1016/j.jcat.2007.05.015,False,ba933b399b37ddde4f166e83c129aa33e0083c699dadafddcc5cf5f559ecdfe6,,,,,1.0,,,,,,,,,,,,,,
6a7d9fab7bffe6ebe23a3f9d,CeO2-600,,600.0,2.0,1.0,,,37.0,,,10.1016/j.jcat.2007.05.015,False,e6948fa62abbecc3e1510635f3bedd5d2339a279247aa5a400fdf803532c8d70,,,,,,,,,,,,,,,,,,,
6a7d9fab7bffe6ebe23a3f9e,CeO2-800,,800.0,2.0,1.0,,,6.0,,,10.1016/j.jcat.2007.05.015,False,98ed6d2a50413903af1d98095c24b6616ce0218f26051d86c2c772f0bae35715,,,,,,,,,,,,,,,,,,,
